{"cameraMode":{"drawMode":0,"name":"Shaded","section":"Shading Mode"},"sceneLighting":true,"audioPlay":false,"sceneViewState":{"m_AlwaysRefresh":false,"showFog":false,"showSkybox":true,"showFlares":false,"showImageEffects":false,"showParticleSystems":true,"showVisualEffectGraphs":true,"m_FxEnabled":true},"in2DMode":false,"pivot":{"x":0.2775005102157593,"y":-4.507972717285156,"z":-21.02680206298828},"rotation":{"x":0.0023389265406876804,"y":0.989395022392273,"z":-0.14438515901565553,"w":0.016031313687562944},"size":11.110132217407227,"orthographic":false}